customer_id,first_name,last_name,email,phone_mobile,dob,address_line1,city,postcode,ni_number,nhs_number,card_visa
d0ad6781-b8cd-43f4-a910-d74db97d0523,Daniel,Rees,daniel.rees@example.com,07586534766,1991-10-11,232 Queen Street,Bath,SA3 2DO,AW573512C,7017468147,4322074839802943
4a3c19eb-054d-452f-aa40-a9fb0eb82651,Ethan,Green,ethan.green@example.com,07071541716,1956-07-21,290 Station Road,Bridgend,NP26 1EH,HX238619B,7409546115,4052634945811989
302cdfee-3602-42a0-839d-8cf19d467763,Theo,Wilson,theo.wilson6417@fabrikam.com,07494599146,1964-03-20,284 Station Road,Wrexham,BS21 0QI,TB420259A,0754009173,4031043097193049
8adfdbda-3507-47d3-b062-7e51a20554d3,Oliver,Green,oliver.green1894@fabrikam.com,07873754807,1952-09-18,256 Queen Street,Cardiff,BA7 9CC,AP426469C,0542938251,4648361489835314
f19ef44b-0054-48c3-822d-7c966c9a1355,Megan,Walker,megan.walker@fabrikam.com,07786382662,1953-08-22,33 Cathedral Road,Newport,CF83 6MU,KE727791A,8513374202,4750275959186249
800f02e3-c24c-4934-b479-e882d2d6313f,Ethan,Brown,ethan.brown@example.com,07289957398,1990-06-02,233 Station Road,Cardiff,BS9 3DX,JC457408A,6028527289,4956485674585151
4f04ff8c-da37-4a4f-bf53-a75199dd8b49,Carys,Roberts,carys.roberts81@testmail.co.uk,07095485460,1977-12-18,196 Queen Street,Barry,NP3 3NR,OK992414D,8513690422,4790102724458671
b568dcdc-1ffa-414a-bd31-6a44f73c96aa,Harri,Green,harri.green@contoso.co.uk,07278933929,1952-02-01,193 Albany Road,Bristol,BA 8UG,GS208471D,0139551859,4561010555112897
f0431cb7-3431-431a-b8a8-d58ff92621a6,Amelia,Price,amelia.price6114@example.com,07602433960,1955-07-23,69 Albany Road,Swansea,CF6 8LN,WX951537C,1262585627,4470340366296366
4ecd4376-2502-4728-8297-1f6f83c4e1a9,Dylan,Davies,dylan.davies@contoso.co.uk,07240130295,1997-10-28,40 Albany Road,Bristol,BS 9AD,NZ596805A,6267278999,4094553265272028
8a807b62-1a3f-4aba-861f-5d6f2d618205,Olivia,Davies,olivia.davies@testmail.co.uk,07727008919,1986-09-04,200 High Street,Pontypridd,GL 5CZ,GS041831C,7267949657,4759972187632654
fbe68d61-0855-46c5-8fe2-c81ef437b864,Dylan,Wilson,dylan.wilson4252@testmail.co.uk,07002279129,2006-10-19,143 Station Road,Barry,SA 0UB,MJ341884B,7646252956,4278165435458488
a283345c-e446-4c42-b64e-690f25cfe15f,Rhys,Williams,rhys.williams5359@fabrikam.com,07934596259,1977-10-28,110 Queen Street,Swansea,GL5 5JE,ZS508065B,1740380827,4596805700780617
d4376b61-70c6-4ce8-b7c1-c67a1a7a97ed,Charlotte,Thomas,charlotte.thomas@example.com,07794868888,1969-10-11,251 Queen Street,Pontypridd,BS75 2PP,NS844179D,2536684407,4473199704831357
ff09b46f-bf8b-4d29-8393-d42272177b16,Osian,Phillips,osian.phillips@testmail.co.uk,07893594209,2003-05-12,261 Station Road,Bangor,SA54 8RP,NN296204C,7369262529,4285692517088807
01edbd95-e591-4aa7-98e1-fec4501fac2d,Freya,James,freya.james7213@contoso.co.uk,07044993459,1997-05-13,50 Albany Road,Bangor,CF93 6GV,RB016677A,7067349176,4788791697975012
a5b8fb4a-b661-437f-9663-92e91b73d8ec,Ethan,Taylor,ethan.taylor@contoso.co.uk,07671485021,1979-07-21,159 Cathedral Road,Bath,BS6 1DE,BX456783C,6906953982,4033613578617952
28332011-ae9d-4d89-8853-bc63636e0f23,Jacob,James,jacob.james1364@contoso.co.uk,07256393419,1994-11-23,263 Station Road,Bath,GL 0UV,OO529986A,0453952291,4500199636735802
1d36313d-4de6-4f3c-9eb6-d67e2f6ff788,Noah,Green,noah.green@fabrikam.com,07077744138,1991-12-28,17 Station Road,Bristol,BS28 2IH,XO428496D,0504966952,4735014530652339
d315b34b-4286-42e9-a2a0-af79d570cc31,Theo,Williams,theo.williams@example.com,07854270144,1983-01-31,280 Albany Road,Bath,SA4 1DQ,RG343317D,3340355703,4189261801739876
1fd1ca97-cea8-469a-987a-22391639185c,Isla,Lewis,isla.lewis@fabrikam.com,07736852396,1989-12-08,213 High Street,Newport,SA 3IF,CZ455052C,6912433243,4707186950800796
1e7a1ac2-dfdb-41ae-b438-5f88d67f2a2e,Emily,Phillips,emily.phillips@testmail.co.uk,07527725862,1952-11-13,265 Cathedral Road,Bristol,GL 2DT,BL836685C,2046059840,4746532465434672
7f7d3ee3-4a3d-4cb1-8db3-20239e5bf91e,Olivia,Brown,olivia.brown@testmail.co.uk,07400977225,1993-12-02,69 Station Road,Bangor,BA8 2CM,GM933960D,6603653281,4844574461454026
43dc67ac-c682-49a3-acd8-6473e2064ea6,Freya,James,freya.james@fabrikam.com,07128198483,1951-09-01,266 Station Road,Bridgend,BA5 0EX,GW636415B,0346678285,4727612274382236
c564d5c2-7b69-4d2b-b76a-36fa325e556b,Noah,Brown,noah.brown@example.com,07982604303,1953-08-26,13 Albany Road,Bath,CF 3RW,HE441620C,6279484068,4199238278003321
b66a2560-1528-4e70-a97b-49144f3a54d0,Ava,Phillips,ava.phillips@example.com,07288390153,1984-06-27,175 Cathedral Road,Cardiff,BA 9RN,JZ112620D,0387819851,4210823111368249
646291f3-a66b-4379-b67f-935a66f01e54,Jacob,Rees,jacob.rees@testmail.co.uk,07560644337,1994-09-17,122 Station Road,Pontypridd,NP 1DW,SG636182B,9629422360,4626946792226363
04d242ab-757b-415e-89b4-a00f789cfc6d,Isla,Jones,isla.jones1104@fabrikam.com,07486274156,1964-02-11,61 High Street,Barry,NP 0RP,WL858841A,1735848026,4083014928448302
1eea8677-b175-459e-b47f-4d9292be3e97,Carys,James,carys.james@example.com,07620504803,2005-11-23,130 Cathedral Road,Barry,NP4 0FA,TG294356A,7664900921,4233683632930379
25d49143-5299-4de6-a9e0-2a18a82a1c3f,Noah,Jones,noah.jones6550@example.com,07435928371,1961-09-24,280 Cathedral Road,Barry,SA5 5FN,ZL924712D,5258026035,4634749917744852
9d683689-0f2a-4433-b786-50cd7f949509,Ethan,James,ethan.james5321@contoso.co.uk,07532614509,1998-07-21,294 High Street,Bristol,CF9 9BT,TX119711A,8441205485,4845812605742788
f0094a0e-5e65-4948-b7e2-602db9bcc669,Carys,Williams,carys.williams@testmail.co.uk,07064406539,1963-08-14,188 Station Road,Swansea,NP1 3JD,ZO938689B,3222970246,4196319673341643
638df772-8988-4151-9f62-f524a70d40ca,Osian,Green,osian.green@fabrikam.com,07189062414,1975-01-20,234 Station Road,Bristol,CF2 6HP,PR260603C,6645191812,4427005698861014
cb89e201-caff-4e58-9566-f3255e82ff0a,Harri,Lewis,harri.lewis@testmail.co.uk,07795548507,1993-01-11,32 Station Road,Cardiff,BS 1BC,AY679694A,6720550152,4459709502653325
56769837-85c4-4678-85e8-af305bdaee48,Dylan,Green,dylan.green9247@contoso.co.uk,07468940187,1991-11-03,28 Station Road,Bath,BS 1ZQ,SE501396A,6641348164,4346895593272346
31a9cab0-7074-4da0-a031-a80e2ab694cd,Megan,Hughes,megan.hughes@fabrikam.com,07320334274,1982-02-28,221 Cathedral Road,Bangor,CF1 0FQ,AK905935C,4399052716,4570022748426093
033f3a11-1735-44ce-a63a-851c8761a25e,Freya,Lewis,freya.lewis@contoso.co.uk,07960975074,1952-12-02,163 Station Road,Newport,NP 7BM,RZ907473D,6175115813,4736618031912485
3851f508-7304-47d0-90d7-c1579214f4ab,Ethan,Wilson,ethan.wilson@example.com,07313553583,1994-05-11,253 Albany Road,Wrexham,BA 2YS,PM936227A,4146336910,4599442713806551
a047a3a0-86a2-4d37-a4fc-bdc09c48687f,Emily,Phillips,emily.phillips@contoso.co.uk,07758963972,1963-08-07,229 Cathedral Road,Bridgend,CF3 8XT,WS220522C,8247140446,4913851081775637
3f46d3b7-3427-4cb1-8c7c-48b846369c99,Charlotte,Walker,charlotte.walker@contoso.co.uk,07055973099,1998-09-03,120 Albany Road,Bangor,GL6 8IS,YR141999A,6821859736,4811160980822216
c0795220-504a-41b3-8b4c-3fcf45f2b8a7,Carys,Brown,carys.brown4929@example.com,07411687603,1988-05-14,11 Queen Street,Bangor,BA8 2BD,KG323820C,8585736232,4124732625281236
7cbc536d-7fa4-490b-8a29-224de4eb05e0,Emily,Wilson,emily.wilson@fabrikam.com,07600894629,1953-02-02,127 Queen Street,Swansea,CF 0NR,OY099009D,2213273553,4118302728863799
f416f8bb-ce4b-4c8d-81f8-c61bea18da06,Isla,Williams,isla.williams@testmail.co.uk,07759020379,1966-08-01,178 High Street,Swansea,NP 4QQ,NE352794D,7032707963,4520489049600317
12df2dd8-d4b8-4582-be4c-be871fd9a3ad,Olivia,Lewis,olivia.lewis@testmail.co.uk,07294668645,1973-05-18,288 Cathedral Road,Bangor,NP9 9TN,XT935473A,0578178605,4644850360105022
8f4185cc-84b7-47a8-b479-e15d817fa5c4,Olivia,Thomas,olivia.thomas@testmail.co.uk,07136596642,2002-04-29,205 High Street,Bridgend,SA 8BC,GS228147A,0857961217,4223267276764433
883ea390-babf-465a-bc6d-5f6248ac22f2,Rhys,Price,rhys.price1929@contoso.co.uk,07532166939,1973-09-22,253 Albany Road,Barry,BS2 7ZH,XH969732D,1018078347,4152300359644246
ae80166e-ad32-4a9d-955a-cf4d1d16b0bf,Oliver,Taylor,oliver.taylor2980@example.com,07619759270,1988-07-08,222 Albany Road,Wrexham,GL9 6AQ,BB991295A,4797267933,4466607104003414
d5adab60-9584-4d78-8478-876a35865479,Theo,Phillips,theo.phillips@contoso.co.uk,07277434436,2002-09-25,162 High Street,Pontypridd,NP 8SN,KH744843D,1343997631,4627593704726232
81685c01-dbd2-4b45-bdca-d0a058f00957,Noah,Green,noah.green@fabrikam.com,07264107585,1955-05-13,256 Queen Street,Cardiff,SA 5XL,AT393974D,4621907786,4540240051327153
173ea95a-38cc-4615-b794-fe857a2c6cb6,Harri,Evans,harri.evans@contoso.co.uk,07246088276,1998-05-27,192 Albany Road,Wrexham,SA0 1CU,PZ226193D,6229275953,4288232706085506
17ba8565-2fdc-4693-9bc0-f59475a68798,Olivia,Price,olivia.price2502@fabrikam.com,07072020920,1981-09-04,252 Queen Street,Bristol,BS 9FR,JK111061D,8366584771,4557820307621886
ea51d8d0-d0d9-419b-b96e-b3d71e0b2da3,Daniel,Walker,daniel.walker@fabrikam.com,07023951877,1990-10-15,47 Albany Road,Bristol,BA3 8KR,TL985507A,7373785999,4026207395162876
d38028f7-b6f9-4beb-850c-f9b9cfd74ba8,Ava,Jones,ava.jones@contoso.co.uk,07310683863,1980-11-05,18 Station Road,Barry,GL 5ZI,RA521026D,4165700673,4512136539662067
d2332d45-e44b-45f0-8f5e-449d311105ca,Dylan,Thomas,dylan.thomas@contoso.co.uk,07770811008,1990-03-26,98 Albany Road,Cardiff,CF6 7HN,JC086901C,2371631825,4087437003908940
288f2821-e910-4d37-bbb2-adcfb214cf28,Dylan,Hughes,dylan.hughes4866@fabrikam.com,07290766832,1975-12-28,278 Cathedral Road,Newport,SA7 1UB,KR565882B,7492467915,4170623614892361
1fe2ce6d-9b06-4408-a35f-7f5a8b603364,Noah,Rees,noah.rees@example.com,07072478943,1973-07-30,102 Albany Road,Bristol,BA0 5UI,TM617926B,0662839501,4391622489064158
fb3f3667-8da9-4a33-927a-db396fb3998f,Oliver,Davies,oliver.davies@example.com,07692764042,1997-09-08,179 Station Road,Swansea,BA5 6RU,PN501669C,1798646765,4680175994502163
d6e66268-fe04-4cde-981e-826616842f60,James,Walker,james.walker2536@contoso.co.uk,07319207405,1984-06-07,110 High Street,Cardiff,SA2 1XX,KX789143D,3162792509,4797051598253173
5e61c9eb-fff3-4aaf-b553-3a95576c4ba3,Theo,Lewis,theo.lewis@contoso.co.uk,07319617567,1987-09-13,115 Albany Road,Swansea,CF3 6PU,PW946343C,5758424609,4231793311680275
2dba80d6-0a2f-4dc0-967c-6e8cbe0509ae,Theo,Taylor,theo.taylor@fabrikam.com,07404075244,1956-01-17,181 Albany Road,Barry,NP77 0GU,LG167613A,2818126924,4232204013158878
b64a458c-8834-478c-8b63-8041d4c07286,Osian,Price,osian.price@fabrikam.com,07134439236,1989-11-28,48 Station Road,Cardiff,SA 7FS,RT136400D,7036277270,4921129941326779
4e280836-2787-400f-9bd4-3c165c1d9670,Charlotte,Morgan,charlotte.morgan@example.com,07862302170,1952-06-12,240 Cathedral Road,Bangor,BA8 6SL,TE891340C,0775171417,4969919281348624
3f79135f-8719-44bc-b168-47a15bd95b07,Charlotte,Lloyd,charlotte.lloyd@testmail.co.uk,07732004535,1953-01-06,26 Cathedral Road,Bridgend,NP7 9NC,HA634320C,4213079007,4345017543757885
e3838da5-4cd7-41a6-ac3d-49bc7044453a,Isla,Johnson,isla.johnson@contoso.co.uk,07828716843,1991-05-31,274 Queen Street,Bristol,BA 2MA,XJ679449A,0773521968,4914261344459992
c16d77a2-22f9-4e35-b854-ad7a04a325e2,Harri,Thomas,harri.thomas@example.com,07601085429,1971-12-06,102 Albany Road,Bangor,BA60 2CG,JX796771C,3231065917,4897035705681344
b67cf4b6-c0dd-4b47-8ac3-bda58da1d790,Olivia,Williams,olivia.williams6518@contoso.co.uk,07819851867,1983-12-25,208 Albany Road,Barry,SA8 8WD,EH106398A,7971770995,4618306344106298
05e06f49-57b9-4a27-928f-989046199867,Ethan,Evans,ethan.evans@example.com,07053066533,1999-09-19,167 Cathedral Road,Cardiff,BA71 9JX,WP634897B,4605231897,4156619529306222
5d8591d6-76da-4e73-8502-67574e16f24f,James,Morgan,james.morgan@contoso.co.uk,07275818778,2004-06-20,219 Cathedral Road,Bristol,SA59 1PD,ML260493B,6592688440,4620329109744979
7b8443cc-3127-41b5-a1ca-559ae9f2fa53,Emily,James,emily.james@fabrikam.com,07583144365,1984-12-19,152 Cathedral Road,Barry,CF0 2PS,HN412488B,1240051506,4246605048282379
b512113c-57a6-4260-9f35-0a34250a93af,Rhys,Rees,rhys.rees@fabrikam.com,07295385064,1999-09-16,193 Queen Street,Barry,GL 3GD,SZ204592D,1597610240,4156881314086841
b343fcde-49bc-45b3-bcdb-416f89d12444,Ava,Phillips,ava.phillips@fabrikam.com,07789260695,1969-05-18,163 Cathedral Road,Barry,CF8 2JI,BM048784D,0199627126,4104186851285665
2ab10b27-a536-4929-b3f2-b6896c329645,Olivia,Evans,olivia.evans@contoso.co.uk,07424084633,1967-12-03,178 Albany Road,Swansea,GL0 3RL,ZN752178B,8528904040,4775201684180673
7b29fe10-19ae-487b-9ac9-791411586408,Ava,James,ava.james@contoso.co.uk,07720348556,2002-02-03,125 Queen Street,Barry,BA9 4HU,OR552148C,0968772919,4668061756774150
3449ae5c-386c-4b56-88bd-3272480283c7,Harri,Lloyd,harri.lloyd@contoso.co.uk,07315531413,1969-04-27,142 High Street,Bath,NP5 6PX,TW279486C,8418067721,4362018152264518
6a8c86a3-be5f-4b5b-8f6f-5bd4642ab518,Daniel,Williams,daniel.williams@testmail.co.uk,07395258064,1991-04-05,84 Cathedral Road,Pontypridd,BS 7RA,HE244626D,6928868325,4709008201480105
ed0a2e81-34ae-47c9-92ea-97767864a34c,Olivia,Hughes,olivia.hughes@testmail.co.uk,07744217420,1978-04-10,243 Albany Road,Bath,GL 9HP,PB331092A,5377382412,4798100875348527
8b42ea91-100d-4832-8dc6-956e535e47ff,Carys,Wilson,carys.wilson127@fabrikam.com,07489474316,1988-07-30,271 Station Road,Cardiff,CF 2TR,XR353370D,4827946035,4357553746745036
42057c81-9bd0-40b5-8f21-ff0eb37f026e,Dylan,Taylor,dylan.taylor7676@example.com,07405840515,1985-06-22,114 Station Road,Cardiff,SA90 7VF,MK654483B,1883911435,4614391901450586
fabc4f7b-5f58-4e6d-83c2-f4e529c8e4e0,Rhys,Rees,rhys.rees@testmail.co.uk,07302491997,2002-05-26,209 Albany Road,Bangor,BA54 6HR,HA802968B,8163754273,4205574975812552
ac634cfa-4491-4757-96e5-96f315c1284c,Jacob,Phillips,jacob.phillips@contoso.co.uk,07435121057,1954-03-06,176 Albany Road,Barry,SA 8II,KX662838B,3662112469,4323216272192149
e0b4b2dd-09cc-4efc-a793-4ba4ed44696e,Freya,Hughes,freya.hughes8002@example.com,07707009361,1990-08-21,212 Station Road,Bath,BS5 6TL,OT258330A,5719026436,4121057107014278
332af71e-5ace-4a90-a56b-4d7b4391d37f,Harri,Lloyd,harri.lloyd@example.com,07482412119,1977-09-16,192 Cathedral Road,Cardiff,GL11 6QR,LZ505733B,5845670500,4737390885760942
eb38363e-9b2f-4413-aa52-54ba5c776fe2,Noah,Phillips,noah.phillips@testmail.co.uk,07374618710,1993-11-30,220 Station Road,Bristol,CF 9KX,WB872083D,8096271288,4124483902769115
f64d8c52-6082-4c3b-950d-a685621f1522,Carys,Morgan,carys.morgan@contoso.co.uk,07603710486,1977-08-25,36 Cathedral Road,Swansea,GL4 2BZ,TA139017D,4217141912,4575844041934146
4aeff429-54b4-432f-986d-32faa6a1a172,Megan,Walker,megan.walker@fabrikam.com,07530778702,1952-07-26,153 Queen Street,Bangor,BA7 3IL,MH820400A,7878142386,4143562627257754
e8078ee3-3ab3-4ece-88ef-35a69067e574,James,Lewis,james.lewis@testmail.co.uk,07330182093,1982-03-09,3 Cathedral Road,Pontypridd,GL 1VU,ZC460936A,1172851417,4576511042907110
8aaf3f75-f57a-4331-a8af-2bf499e46161,Charlotte,Thomas,charlotte.thomas7854@example.com,07060543173,1971-03-21,295 Queen Street,Barry,BS3 8WL,SP473945B,2640163612,4616492650155134
61bb25e5-d219-436c-89aa-a59155e0af12,Noah,Johnson,noah.johnson7657@example.com,07612455441,2003-10-31,288 Queen Street,Bristol,GL7 1IB,MA637419D,5515225260,4420470513404886
84ce3b80-6ef7-4bc5-ac55-f90cb5660ac7,Carys,Morgan,carys.morgan@testmail.co.uk,07026364169,1997-11-27,188 Queen Street,Bridgend,SA 4HW,PP559848D,1303693976,4812866001045315
acbe5f49-982f-426b-aa15-a91989c48d73,Ava,Lloyd,ava.lloyd@fabrikam.com,07303428020,1958-05-31,157 Cathedral Road,Bristol,GL52 4IV,RC756819A,8128370391,4255036801955000
714f0d50-8ba7-49c0-af48-4c8f9bf56027,Osian,Brown,osian.brown5825@example.com,07451241799,1996-03-02,187 Station Road,Bath,BA3 1RH,KB508548D,9467417340,4100332867190005
09aa8f74-776f-4646-9f6a-0bac1a9382c7,Dylan,Lloyd,dylan.lloyd@example.com,07823181422,1984-01-28,92 High Street,Cardiff,CF15 0KL,ZS739962A,6817428300,4960297760927547
e429b5ec-38f4-440d-ade5-1a444cd60777,Harri,Evans,harri.evans@testmail.co.uk,07197884965,1985-05-21,128 Station Road,Pontypridd,GL 0XN,WR572935B,2757799657,4332891310227595
035f2d7b-3dc9-4a4a-b7e7-2ed0d8c0b785,Oliver,Taylor,oliver.taylor@contoso.co.uk,07897704419,1989-02-25,195 Albany Road,Pontypridd,GL26 0JU,JG053964B,7015972832,4490273342705735
ceb8fe3c-f400-47f3-9d3c-e7b28b8e25d8,Theo,Walker,theo.walker@fabrikam.com,07859919642,2005-11-12,270 High Street,Barry,NP3 7UB,PT660353C,1513954016,4203947137275607
998a24f8-108e-448a-9072-5b061cfe28d3,Jacob,Jones,jacob.jones4772@contoso.co.uk,07834849514,1996-10-16,193 Cathedral Road,Bristol,GL2 5MI,TB788407A,3810103284,4280169983798978
3a3c297b-1044-4b63-bce6-212c2aea547c,Olivia,Green,olivia.green@contoso.co.uk,07798400116,2001-05-30,226 Queen Street,Cardiff,CF4 4PP,BR785740D,8152033251,4116619289175948
5bed249a-c65c-4585-8cc0-b2c43a820fd4,Charlotte,Thomas,charlotte.thomas@example.com,07548340013,1959-08-20,164 Queen Street,Bath,CF0 5MS,MC612654D,1179674871,4645861129389638
f733a107-bfa2-4b0f-b7ec-6592564bf81a,Ethan,Lloyd,ethan.lloyd@testmail.co.uk,07228212444,2000-07-08,257 Station Road,Bath,SA 0IS,YN202581C,8219736690,4005552451947053
531bf7b4-ef4b-436b-8660-3b32c53fc132,Carys,Roberts,carys.roberts@example.com,07485975549,1970-03-30,176 High Street,Wrexham,BA1 8VJ,XR374656C,4776111888,4741571473051378
baccb1cf-3430-41e9-af21-85f160cf8967,Oliver,Wilson,oliver.wilson@contoso.co.uk,07677784610,1950-10-21,22 High Street,Bristol,SA32 1TZ,LR292449B,5485257275,4206375022867841
09167c42-aece-478b-854f-1b3269da9c09,Ethan,Walker,ethan.walker8489@example.com,07557429134,1969-09-21,20 Cathedral Road,Bridgend,SA60 7PB,WH561415D,1704597749,4803684874751880
b9b9a05a-8898-4546-932b-6a2dc87147bd,Theo,Thomas,theo.thomas@fabrikam.com,07347921573,1998-08-30,20 Cathedral Road,Bangor,NP9 1NX,KT954414B,4509103514,4381255739665252
bd7eddf0-ca47-41f2-a574-12e2170a8279,Rhys,Lewis,rhys.lewis@testmail.co.uk,07274778385,1974-08-27,158 Cathedral Road,Newport,SA9 3RJ,EY041382D,8856809850,4408872673528673
6b87faa0-19f0-4cab-af3c-fa720bb406dc,James,Jones,james.jones@example.com,07256825584,1977-04-13,247 Queen Street,Cardiff,SA 4ZU,WY449557D,8140602159,4184995774828345
98284544-3441-4f16-9d9f-861103608c97,Ethan,Evans,ethan.evans@example.com,07783856513,2001-01-29,32 High Street,Cardiff,BA91 2RD,ZM406115A,4225278778,4218677453647239
b5216144-c924-4d96-8e77-d3e7025b8797,Oliver,Jones,oliver.jones942@fabrikam.com,07313768561,2004-01-02,110 Albany Road,Cardiff,BS 0ZO,LJ879782C,7194760266,4476574157148087
7fe3d753-017d-4161-be8d-3b6c22d2d946,Jacob,Walker,jacob.walker2489@testmail.co.uk,07118054962,2001-08-02,297 Queen Street,Bridgend,GL3 0WW,BM545038C,6302563658,4807887283876862
f543938f-9664-412d-ba7d-cea4c8cee4c2,Amelia,Roberts,amelia.roberts6119@fabrikam.com,07785258671,1966-03-20,256 Albany Road,Cardiff,CF54 0FH,RE683162C,8817967955,4895389715887895
1eaa188e-045b-4bec-85b3-871cf721285e,Oliver,Williams,oliver.williams2165@example.com,07952434179,1979-11-04,165 Cathedral Road,Pontypridd,BS5 9NK,NR304860A,6862642391,4322290113714207
477c6e15-bb2e-4965-8fda-2b62cff0d0b1,Isla,Davies,isla.davies@contoso.co.uk,07789986711,2005-08-13,257 Queen Street,Cardiff,GL84 8YP,AT129182C,6585783352,4127141513945025
7a86ec1f-c4b4-450f-aca3-7584488eef4e,Amelia,Morgan,amelia.morgan@testmail.co.uk,07551162610,2005-08-08,79 High Street,Newport,CF3 4SK,BW503628A,8903982118,4068600882981804
9e4a4236-10ad-46bc-b1bb-db190ee8c43e,Emily,Johnson,emily.johnson@testmail.co.uk,07907639716,1968-10-01,108 Albany Road,Barry,CF8 5XD,NA984976A,2566247625,4114516599605226
cf017938-a5b0-426f-a560-0cd37aacdd76,Oliver,Wilson,oliver.wilson7152@testmail.co.uk,07027123914,1965-12-07,141 Station Road,Cardiff,BA4 0QE,NB503394C,7563038485,4289508702841925
7839516c-8191-457c-8733-9eb661a835e3,Ava,Hughes,ava.hughes@fabrikam.com,07093375606,1974-03-05,231 High Street,Bridgend,CF 0DV,JA900594B,0215451430,4711000346848056
433a6b08-5c99-40c3-bff6-b55620b68d17,Theo,Walker,theo.walker6941@fabrikam.com,07978148662,1963-07-15,175 Albany Road,Newport,BA45 5WG,GN557826A,3556325063,4224856014208384
642aa7b3-608c-4462-a07e-6fa993a66a15,Jacob,Green,jacob.green@contoso.co.uk,07194412125,1958-11-27,93 Station Road,Barry,BS10 8TO,GH109441A,6404467577,4153891818485647
e2ea0aa2-e5d0-4368-a6dd-0c6aa66de842,Dylan,Walker,dylan.walker9238@testmail.co.uk,07102108587,1967-09-24,254 Albany Road,Bridgend,NP84 7BU,BC316983A,2620112524,4654849935498430
9efdc939-2ca7-4398-a124-12667b11a7d8,Emily,Thomas,emily.thomas@contoso.co.uk,07233293353,1960-04-11,267 Albany Road,Cardiff,NP8 3QQ,HS724588D,0108911519,4158552123492278
1c1c4c2a-2758-4296-89d0-d1ccaa51d432,Carys,Thomas,carys.thomas@contoso.co.uk,07456799170,1978-08-16,153 Station Road,Wrexham,CF 3AH,OT504249B,4597456775,4908593602635955
9a9bf6e3-87e4-456c-bdc4-9ce85b30fe08,Emily,Price,emily.price@example.com,07952553849,1972-08-20,112 Albany Road,Wrexham,CF6 4GN,TS179802A,6568382078,4624578887493713
9e96d981-010c-4fcc-b77a-ead9dfe0c626,Rhys,Lewis,rhys.lewis@example.com,07081294213,1967-03-24,235 Queen Street,Barry,BS5 0QW,SY391324A,6532016306,4437308316164190
10c56c88-59a6-4d08-a54b-3b442ffde851,Carys,Jones,carys.jones@testmail.co.uk,07542911801,1971-04-25,291 Station Road,Newport,NP6 9IV,NG306021A,3880497532,4912804421400237
343607e2-ab32-4793-8724-ab48cb741583,Freya,Rees,freya.rees@example.com,07005465887,1987-04-10,281 Queen Street,Bath,NP 8CR,WZ207134A,0334544181,4767507813998810
5b85f233-1d8b-48a8-abbe-2e8ecd207566,Rhys,Jones,rhys.jones@example.com,07321672765,1967-12-12,83 High Street,Swansea,SA3 1ML,AN689618D,9811090890,4463502721699872
06fff462-d8e6-4997-bf2f-4f36fbddceb0,Rhys,Phillips,rhys.phillips7198@fabrikam.com,07756987910,1963-12-27,87 Queen Street,Newport,BA 1BP,ZX777149B,7594626583,4344959907146055
de594cdb-a7ed-42f2-9b1a-0395f0d0cd07,Jacob,Davies,jacob.davies@fabrikam.com,07267664582,1998-05-13,240 Albany Road,Wrexham,SA5 8MR,ZB445945B,7580039877,4397062272303313
4aea8b0f-0db5-4fc5-b0bb-d1fd4a8da32e,Amelia,Green,amelia.green@fabrikam.com,07945097281,1973-08-17,42 Station Road,Bridgend,SA 3DC,MH525201D,7183473368,4362099310579827
e8f8b8b1-a139-40c3-95e2-f4ad43684618,Osian,Price,osian.price@contoso.co.uk,07608727205,1978-07-18,264 Station Road,Newport,BS3 8PV,EP696212D,8532567959,4360818877150773
9b946c4a-cf9d-4c5e-b6fb-cb71fa55556f,Noah,Price,noah.price@contoso.co.uk,07749556537,1989-09-18,253 High Street,Cardiff,BA3 3CM,MR852510D,3864546672,4764040873287708
17aa304b-90c1-49fd-9635-6ccf97af1e99,Carys,Lewis,carys.lewis@contoso.co.uk,07368982454,1953-08-14,239 Albany Road,Bath,GL2 7PY,CJ938859A,0944552994,4179110523005528
e289939c-c17d-411a-9dc8-2efeca0a2fe3,Noah,Hughes,noah.hughes@contoso.co.uk,07378637310,1969-11-04,115 Queen Street,Wrexham,BA24 1LS,HA765964B,0943438187,4035512818319898
69cdf03a-c68e-47a2-afbf-32d84c10c434,Freya,Phillips,freya.phillips8231@contoso.co.uk,07373880854,1993-11-13,170 Cathedral Road,Swansea,BS9 6ZI,XG855165C,0701522364,4948469055962153
7abaaaf3-58ed-4ef3-8dd3-9731524e7618,Ava,Brown,ava.brown@fabrikam.com,07991344561,1981-06-20,197 High Street,Newport,GL4 5YY,KH261236C,8252087396,4221365312719810
409b549f-d0f5-4a7d-b904-cf1195b06961,Rhys,Brown,rhys.brown9574@contoso.co.uk,07301621997,1953-11-09,46 Queen Street,Newport,BS 3BZ,NS381571C,4205576862,4499259395603628
6e5d3b71-d30f-4bd4-8eda-e54ce0b0fd49,Ethan,Price,ethan.price@testmail.co.uk,07633382328,2000-11-18,291 Station Road,Pontypridd,NP5 8SG,WE557903B,5427574212,4331501953837393
bc923a3d-5be1-41c7-9933-aa96b3a17821,Osian,Johnson,osian.johnson7398@fabrikam.com,07610090276,1982-05-04,260 Cathedral Road,Newport,NP0 7PG,ZS857408A,2856779255,4772677150962635
198174bb-8287-4b10-a5af-bd4d490ae344,Carys,Price,carys.price@contoso.co.uk,07765088438,1999-06-02,72 Station Road,Bangor,BA8 9PG,RW861287B,5527206312,4764741845479065
1a7e57ad-d9e8-4e76-b985-c012644a2059,Carys,Wilson,carys.wilson6579@testmail.co.uk,07580866726,1988-03-09,214 Cathedral Road,Bangor,GL8 3QN,YT935242C,2792092386,4895238110749364
f93bf99e-83e7-480e-8461-460420964d0a,Freya,Lloyd,freya.lloyd8457@fabrikam.com,07762972512,1972-05-10,243 Cathedral Road,Bangor,BA2 2SA,MR645201B,0407678549,4410047171860956
2eee432b-2b3f-456a-8b4d-bb447d71c5b1,Isla,Jones,isla.jones@example.com,07635251775,1995-05-28,45 Queen Street,Bristol,NP4 4SI,ZJ814314B,1152965964,4519367472384955
b9f88c5f-6a5c-4297-b563-9344a8d3340e,Carys,Hughes,carys.hughes@contoso.co.uk,07112943179,2005-04-26,243 High Street,Bristol,BA6 5SW,AR081524B,7927853538,4603062626287222
0c049862-baa0-4f00-885a-f5a7cad7d9da,Rhys,Brown,rhys.brown@testmail.co.uk,07669964144,2002-06-19,27 Cathedral Road,Bridgend,GL30 8KE,RM217571D,2172354414,4426746646609301
0440973f-8ca4-4ded-ac4d-bac0eb3469c6,Jacob,Phillips,jacob.phillips7221@testmail.co.uk,07153345023,1955-11-07,74 Station Road,Barry,NP 4LV,EO187469D,8156723112,4661146450923895
ea1838b6-b078-4369-84af-a282b543caca,Jacob,Morgan,jacob.morgan@fabrikam.com,07276444094,1956-05-08,284 Albany Road,Swansea,NP4 1ZY,WJ375486A,2932916858,4516088456883618
16ff4538-c869-495f-95ec-813883930dd6,Daniel,Green,daniel.green@testmail.co.uk,07415253750,1956-11-19,58 Cathedral Road,Bangor,SA 5SE,WY744022B,4695084678,4547806671293863
de0ab74a-7151-4c53-b573-1d2bca3c819e,Emily,James,emily.james@testmail.co.uk,07528267891,1975-03-08,297 Station Road,Bridgend,SA 9CI,BW731634C,2463987669,4253827625829906
7a106760-97e7-47a1-ad6e-2afaeed1da01,Theo,Wilson,theo.wilson@example.com,07312812807,1974-12-07,128 Queen Street,Bristol,BS95 9QM,YW215093C,3070822800,4898436442116994
26b84319-eaba-4cc1-9c3b-331fe9949998,Freya,Price,freya.price9758@example.com,07072562361,1968-05-22,45 Station Road,Swansea,BS3 3WM,NS234522D,4573566805,4925828383983069
ebe99c28-dc49-4474-80e6-332261a93fd5,Dylan,Johnson,dylan.johnson872@fabrikam.com,07042563397,1969-04-18,86 Albany Road,Bristol,BA 8WE,WG719420C,4354991810,4087200806564447
